{"cameraMode":{"drawMode":0,"name":"Shaded","section":"Shading Mode"},"sceneLighting":true,"audioPlay":false,"sceneViewState":{"m_AlwaysRefresh":false,"showFog":true,"showSkybox":true,"showFlares":true,"showImageEffects":true,"showParticleSystems":true,"showVisualEffectGraphs":true,"m_FxEnabled":true},"in2DMode":false,"pivot":{"x":1.8039864301681519,"y":1.4491393566131592,"z":3.726635217666626},"rotation":{"x":-0.05281762406229973,"y":0.8202252388000488,"z":-0.07675763219594956,"w":-0.5644023418426514},"size":4.2608537673950199,"orthographic":false}