{"cameraMode":{"drawMode":0,"name":"Shaded","section":"Shading Mode"},"sceneLighting":true,"audioPlay":false,"sceneViewState":{"m_AlwaysRefresh":false,"showFog":true,"showSkybox":true,"showFlares":true,"showImageEffects":true,"showParticleSystems":true,"showVisualEffectGraphs":true,"m_FxEnabled":true},"in2DMode":false,"pivot":{"x":0.6207346320152283,"y":0.9093787670135498,"z":2.9314801692962648},"rotation":{"x":0.023383229970932008,"y":0.9762912392616272,"z":-0.16438238322734834,"w":0.13887640833854676},"size":0.9650272130966187,"orthographic":false}