{"cameraMode":{"drawMode":0,"name":"Shaded","section":"Shading Mode"},"sceneLighting":true,"audioPlay":false,"sceneViewState":{"m_AlwaysRefresh":false,"showFog":true,"showSkybox":true,"showFlares":true,"showImageEffects":true,"showParticleSystems":true,"showVisualEffectGraphs":true,"m_FxEnabled":true},"in2DMode":false,"pivot":{"x":-0.029205886647105218,"y":-0.5469490885734558,"z":0.7973498106002808},"rotation":{"x":-0.029372800141572954,"y":0.967882513999939,"z":-0.20964816212654115,"w":-0.1356053501367569},"size":2.749248743057251,"orthographic":false}