{"cameraMode":{"drawMode":0,"name":"Shaded","section":"Shading Mode"},"sceneLighting":true,"audioPlay":false,"sceneViewState":{"m_AlwaysRefresh":false,"showFog":true,"showSkybox":true,"showFlares":true,"showImageEffects":true,"showParticleSystems":true,"showVisualEffectGraphs":true,"m_FxEnabled":true},"in2DMode":false,"pivot":{"x":2.2797346115112306,"y":1.0328055620193482,"z":2.9314801692962648},"rotation":{"x":-0.0023012636229395868,"y":0.9961205720901489,"z":-0.02720928192138672,"w":-0.08388269692659378},"size":1.1525698900222779,"orthographic":false}