{"cameraMode":{"drawMode":0,"name":"Shaded","section":"Shading Mode"},"sceneLighting":true,"audioPlay":false,"sceneViewState":{"m_AlwaysRefresh":false,"showFog":true,"showSkybox":true,"showFlares":true,"showImageEffects":true,"showParticleSystems":true,"showVisualEffectGraphs":true,"m_FxEnabled":true},"in2DMode":false,"pivot":{"x":2.3073551654815676,"y":0.5245265364646912,"z":3.3465089797973635},"rotation":{"x":-0.0014894232153892518,"y":0.9962930083274841,"z":0.017626604065299035,"w":0.08418802171945572},"size":1.6996647119522095,"orthographic":false}