{"cameraMode":{"drawMode":0,"name":"Shaded","section":"Shading Mode"},"sceneLighting":true,"audioPlay":false,"sceneViewState":{"m_AlwaysRefresh":false,"showFog":true,"showSkybox":true,"showFlares":true,"showImageEffects":true,"showParticleSystems":true,"showVisualEffectGraphs":true,"m_FxEnabled":true},"in2DMode":false,"pivot":{"x":1.2090113162994385,"y":-0.8387032747268677,"z":0.3215928375720978},"rotation":{"x":0.009321032091975212,"y":0.9775846600532532,"z":-0.2056167721748352,"w":0.04431578889489174},"size":3.2912046909332277,"orthographic":false}